dhi,dni,ghi,gti,period_end,period
0,0,0,0,2007-01-01T01:00:00+00:00,PT60M
0,0,0,0,2007-01-01T02:00:00+00:00,PT60M
0,0,0,0,2007-01-01T03:00:00+00:00,PT60M
0,0,0,0,2007-01-01T04:00:00+00:00,PT60M
0,0,0,0,2007-01-01T05:00:00+00:00,PT60M
7,31,9,17,2007-01-01T06:00:00+00:00,PT60M
52,381,113,227,2007-01-01T07:00:00+00:00,PT60M
85,558,248,434,2007-01-01T08:00:00+00:00,PT60M
92,715,362,614,2007-01-01T09:00:00+00:00,PT60M
87,802,431,720,2007-01-01T10:00:00+00:00,PT60M
84,815,438,731,2007-01-01T11:00:00+00:00,PT60M
77,793,388,663,2007-01-01T12:00:00+00:00,PT60M
67,717,286,520,2007-01-01T13:00:00+00:00,PT60M
47,553,149,313,2007-01-01T14:00:00+00:00,PT60M
12,115,22,53,2007-01-01T15:00:00+00:00,PT60M
0,0,0,0,2007-01-01T16:00:00+00:00,PT60M
0,0,0,0,2007-01-01T17:00:00+00:00,PT60M
0,0,0,0,2007-01-01T18:00:00+00:00,PT60M
0,0,0,0,2007-01-01T19:00:00+00:00,PT60M
0,0,0,0,2007-01-01T20:00:00+00:00,PT60M
0,0,0,0,2007-01-01T21:00:00+00:00,PT60M
0,0,0,0,2007-01-01T22:00:00+00:00,PT60M
0,0,0,0,2007-01-01T23:00:00+00:00,PT60M
0,0,0,0,2007-01-02T00:00:00+00:00,PT60M
0,0,0,0,2007-01-02T01:00:00+00:00,PT60M
0,0,0,0,2007-01-02T02:00:00+00:00,PT60M
0,0,0,0,2007-01-02T03:00:00+00:00,PT60M
0,0,0,0,2007-01-02T04:00:00+00:00,PT60M
0,0,0,0,2007-01-02T05:00:00+00:00,PT60M
7,28,10,17,2007-01-02T06:00:00+00:00,PT60M
59,302,110,203,2007-01-02T07:00:00+00:00,PT60M
104,436,233,380,2007-01-02T08:00:00+00:00,PT60M
115,616,346,567,2007-01-02T09:00:00+00:00,PT60M
234,72,264,288,2007-01-02T10:00:00+00:00,PT60M
210,310,344,467,2007-01-02T11:00:00+00:00,PT60M
117,604,358,574,2007-01-02T12:00:00+00:00,PT60M
153,0,153,148,2007-01-02T13:00:00+00:00,PT60M
80,0,80,78,2007-01-02T14:00:00+00:00,PT60M
11,0,11,10,2007-01-02T15:00:00+00:00,PT60M
0,0,0,0,2007-01-02T16:00:00+00:00,PT60M
0,0,0,0,2007-01-02T17:00:00+00:00,PT60M
0,0,0,0,2007-01-02T18:00:00+00:00,PT60M
0,0,0,0,2007-01-02T19:00:00+00:00,PT60M
0,0,0,0,2007-01-02T20:00:00+00:00,PT60M
0,0,0,0,2007-01-02T21:00:00+00:00,PT60M
0,0,0,0,2007-01-02T22:00:00+00:00,PT60M
0,0,0,0,2007-01-02T23:00:00+00:00,PT60M
0,0,0,0,2007-01-03T00:00:00+00:00,PT60M
0,0,0,0,2007-01-03T01:00:00+00:00,PT60M
0,0,0,0,2007-01-03T02:00:00+00:00,PT60M
0,0,0,0,2007-01-03T03:00:00+00:00,PT60M
0,0,0,0,2007-01-03T04:00:00+00:00,PT60M
0,0,0,0,2007-01-03T05:00:00+00:00,PT60M
1,0,1,1,2007-01-03T06:00:00+00:00,PT60M
23,0,23,22,2007-01-03T07:00:00+00:00,PT60M
69,0,69,66,2007-01-03T08:00:00+00:00,PT60M
37,0,37,36,2007-01-03T09:00:00+00:00,PT60M
47,0,47,46,2007-01-03T10:00:00+00:00,PT60M
67,0,67,64,2007-01-03T11:00:00+00:00,PT60M
94,0,94,91,2007-01-03T12:00:00+00:00,PT60M
74,0,74,72,2007-01-03T13:00:00+00:00,PT60M
40,0,40,39,2007-01-03T14:00:00+00:00,PT60M
11,0,11,11,2007-01-03T15:00:00+00:00,PT60M
0,0,0,0,2007-01-03T16:00:00+00:00,PT60M
0,0,0,0,2007-01-03T17:00:00+00:00,PT60M
0,0,0,0,2007-01-03T18:00:00+00:00,PT60M
0,0,0,0,2007-01-03T19:00:00+00:00,PT60M
0,0,0,0,2007-01-03T20:00:00+00:00,PT60M
0,0,0,0,2007-01-03T21:00:00+00:00,PT60M
0,0,0,0,2007-01-03T22:00:00+00:00,PT60M
0,0,0,0,2007-01-03T23:00:00+00:00,PT60M
0,0,0,0,2007-01-04T00:00:00+00:00,PT60M
0,0,0,0,2007-01-04T01:00:00+00:00,PT60M
0,0,0,0,2007-01-04T02:00:00+00:00,PT60M
0,0,0,0,2007-01-04T03:00:00+00:00,PT60M
0,0,0,0,2007-01-04T04:00:00+00:00,PT60M
0,0,0,0,2007-01-04T05:00:00+00:00,PT60M
1,0,1,1,2007-01-04T06:00:00+00:00,PT60M
31,0,31,29,2007-01-04T07:00:00+00:00,PT60M
122,0,122,117,2007-01-04T08:00:00+00:00,PT60M
161,324,290,407,2007-01-04T09:00:00+00:00,PT60M
211,239,314,403,2007-01-04T10:00:00+00:00,PT60M
163,501,382,578,2007-01-04T11:00:00+00:00,PT60M
124,576,355,566,2007-01-04T12:00:00+00:00,PT60M
150,234,223,306,2007-01-04T13:00:00+00:00,PT60M
86,18,89,92,2007-01-04T14:00:00+00:00,PT60M
16,0,16,16,2007-01-04T15:00:00+00:00,PT60M
0,0,0,0,2007-01-04T16:00:00+00:00,PT60M
0,0,0,0,2007-01-04T17:00:00+00:00,PT60M
0,0,0,0,2007-01-04T18:00:00+00:00,PT60M
0,0,0,0,2007-01-04T19:00:00+00:00,PT60M
0,0,0,0,2007-01-04T20:00:00+00:00,PT60M
0,0,0,0,2007-01-04T21:00:00+00:00,PT60M
0,0,0,0,2007-01-04T22:00:00+00:00,PT60M
0,0,0,0,2007-01-04T23:00:00+00:00,PT60M
0,0,0,0,2007-01-05T00:00:00+00:00,PT60M
0,0,0,0,2007-01-05T01:00:00+00:00,PT60M
0,0,0,0,2007-01-05T02:00:00+00:00,PT60M
0,0,0,0,2007-01-05T03:00:00+00:00,PT60M
0,0,0,0,2007-01-05T04:00:00+00:00,PT60M
0,0,0,0,2007-01-05T05:00:00+00:00,PT60M
7,16,8,12,2007-01-05T06:00:00+00:00,PT60M
37,0,37,36,2007-01-05T07:00:00+00:00,PT60M
98,0,98,95,2007-01-05T08:00:00+00:00,PT60M
197,10,201,199,2007-01-05T09:00:00+00:00,PT60M
185,14,191,191,2007-01-05T10:00:00+00:00,PT60M
122,0,122,118,2007-01-05T11:00:00+00:00,PT60M
95,0,95,92,2007-01-05T12:00:00+00:00,PT60M
88,0,88,85,2007-01-05T13:00:00+00:00,PT60M
87,16,89,91,2007-01-05T14:00:00+00:00,PT60M
17,57,23,38,2007-01-05T15:00:00+00:00,PT60M
0,0,0,0,2007-01-05T16:00:00+00:00,PT60M
0,0,0,0,2007-01-05T17:00:00+00:00,PT60M
0,0,0,0,2007-01-05T18:00:00+00:00,PT60M
0,0,0,0,2007-01-05T19:00:00+00:00,PT60M
0,0,0,0,2007-01-05T20:00:00+00:00,PT60M
0,0,0,0,2007-01-05T21:00:00+00:00,PT60M
0,0,0,0,2007-01-05T22:00:00+00:00,PT60M
0,0,0,0,2007-01-05T23:00:00+00:00,PT60M
0,0,0,0,2007-01-06T00:00:00+00:00,PT60M
0,0,0,0,2007-01-06T01:00:00+00:00,PT60M
0,0,0,0,2007-01-06T02:00:00+00:00,PT60M
0,0,0,0,2007-01-06T03:00:00+00:00,PT60M
0,0,0,0,2007-01-06T04:00:00+00:00,PT60M
0,0,0,0,2007-01-06T05:00:00+00:00,PT60M
7,17,9,13,2007-01-06T06:00:00+00:00,PT60M
63,1,63,61,2007-01-06T07:00:00+00:00,PT60M
147,5,148,145,2007-01-06T08:00:00+00:00,PT60M
196,191,271,343,2007-01-06T09:00:00+00:00,PT60M
88,780,428,706,2007-01-06T10:00:00+00:00,PT60M
87,788,435,717,2007-01-06T11:00:00+00:00,PT60M
81,765,388,652,2007-01-06T12:00:00+00:00,PT60M
73,675,287,508,2007-01-06T13:00:00+00:00,PT60M
60,422,147,275,2007-01-06T14:00:00+00:00,PT60M
16,95,25,50,2007-01-06T15:00:00+00:00,PT60M
0,0,0,0,2007-01-06T16:00:00+00:00,PT60M
0,0,0,0,2007-01-06T17:00:00+00:00,PT60M
0,0,0,0,2007-01-06T18:00:00+00:00,PT60M
0,0,0,0,2007-01-06T19:00:00+00:00,PT60M
0,0,0,0,2007-01-06T20:00:00+00:00,PT60M
0,0,0,0,2007-01-06T21:00:00+00:00,PT60M
0,0,0,0,2007-01-06T22:00:00+00:00,PT60M
0,0,0,0,2007-01-06T23:00:00+00:00,PT60M
0,0,0,0,2007-01-07T00:00:00+00:00,PT60M
0,0,0,0,2007-01-07T01:00:00+00:00,PT60M
0,0,0,0,2007-01-07T02:00:00+00:00,PT60M
0,0,0,0,2007-01-07T03:00:00+00:00,PT60M
0,0,0,0,2007-01-07T04:00:00+00:00,PT60M
0,0,0,0,2007-01-07T05:00:00+00:00,PT60M
6,42,10,20,2007-01-07T06:00:00+00:00,PT60M
72,126,93,130,2007-01-07T07:00:00+00:00,PT60M
85,536,245,419,2007-01-07T08:00:00+00:00,PT60M
76,769,371,631,2007-01-07T09:00:00+00:00,PT60M
83,802,433,717,2007-01-07T10:00:00+00:00,PT60M
81,814,442,730,2007-01-07T11:00:00+00:00,PT60M
78,783,394,663,2007-01-07T12:00:00+00:00,PT60M
74,681,291,514,2007-01-07T13:00:00+00:00,PT60M
54,518,157,311,2007-01-07T14:00:00+00:00,PT60M
15,127,28,62,2007-01-07T15:00:00+00:00,PT60M
0,0,0,0,2007-01-07T16:00:00+00:00,PT60M
0,0,0,0,2007-01-07T17:00:00+00:00,PT60M
0,0,0,0,2007-01-07T18:00:00+00:00,PT60M
0,0,0,0,2007-01-07T19:00:00+00:00,PT60M
0,0,0,0,2007-01-07T20:00:00+00:00,PT60M
0,0,0,0,2007-01-07T21:00:00+00:00,PT60M
0,0,0,0,2007-01-07T22:00:00+00:00,PT60M
0,0,0,0,2007-01-07T23:00:00+00:00,PT60M
0,0,0,0,2007-01-08T00:00:00+00:00,PT60M
0,0,0,0,2007-01-08T01:00:00+00:00,PT60M
0,0,0,0,2007-01-08T02:00:00+00:00,PT60M
0,0,0,0,2007-01-08T03:00:00+00:00,PT60M
0,0,0,0,2007-01-08T04:00:00+00:00,PT60M
0,0,0,0,2007-01-08T05:00:00+00:00,PT60M
7,26,9,16,2007-01-08T06:00:00+00:00,PT60M
73,137,94,135,2007-01-08T07:00:00+00:00,PT60M
87,534,245,420,2007-01-08T08:00:00+00:00,PT60M
102,649,354,580,2007-01-08T09:00:00+00:00,PT60M
108,706,416,669,2007-01-08T10:00:00+00:00,PT60M
176,440,371,534,2007-01-08T11:00:00+00:00,PT60M
74,797,397,670,2007-01-08T12:00:00+00:00,PT60M
134,330,246,360,2007-01-08T13:00:00+00:00,PT60M
81,306,137,230,2007-01-08T14:00:00+00:00,PT60M
15,146,30,68,2007-01-08T15:00:00+00:00,PT60M
0,0,0,0,2007-01-08T16:00:00+00:00,PT60M
0,0,0,0,2007-01-08T17:00:00+00:00,PT60M
0,0,0,0,2007-01-08T18:00:00+00:00,PT60M
0,0,0,0,2007-01-08T19:00:00+00:00,PT60M
0,0,0,0,2007-01-08T20:00:00+00:00,PT60M
0,0,0,0,2007-01-08T21:00:00+00:00,PT60M
0,0,0,0,2007-01-08T22:00:00+00:00,PT60M
0,0,0,0,2007-01-08T23:00:00+00:00,PT60M
0,0,0,0,2007-01-09T00:00:00+00:00,PT60M
0,0,0,0,2007-01-09T01:00:00+00:00,PT60M
0,0,0,0,2007-01-09T02:00:00+00:00,PT60M
0,0,0,0,2007-01-09T03:00:00+00:00,PT60M
0,0,0,0,2007-01-09T04:00:00+00:00,PT60M
0,0,0,0,2007-01-09T05:00:00+00:00,PT60M
6,46,10,22,2007-01-09T06:00:00+00:00,PT60M
42,488,121,259,2007-01-09T07:00:00+00:00,PT60M
64,684,263,477,2007-01-09T08:00:00+00:00,PT60M
75,775,375,636,2007-01-09T09:00:00+00:00,PT60M
80,813,438,723,2007-01-09T10:00:00+00:00,PT60M
84,808,445,731,2007-01-09T11:00:00+00:00,PT60M
91,733,390,646,2007-01-09T12:00:00+00:00,PT60M
125,47,143,157,2007-01-09T13:00:00+00:00,PT60M
69,0,69,67,2007-01-09T14:00:00+00:00,PT60M
21,48,26,39,2007-01-09T15:00:00+00:00,PT60M
0,0,0,0,2007-01-09T16:00:00+00:00,PT60M
0,0,0,0,2007-01-09T17:00:00+00:00,PT60M
0,0,0,0,2007-01-09T18:00:00+00:00,PT60M
0,0,0,0,2007-01-09T19:00:00+00:00,PT60M
0,0,0,0,2007-01-09T20:00:00+00:00,PT60M
0,0,0,0,2007-01-09T21:00:00+00:00,PT60M
0,0,0,0,2007-01-09T22:00:00+00:00,PT60M
0,0,0,0,2007-01-09T23:00:00+00:00,PT60M
0,0,0,0,2007-01-10T00:00:00+00:00,PT60M
0,0,0,0,2007-01-10T01:00:00+00:00,PT60M
0,0,0,0,2007-01-10T02:00:00+00:00,PT60M
0,0,0,0,2007-01-10T03:00:00+00:00,PT60M
0,0,0,0,2007-01-10T04:00:00+00:00,PT60M
0,0,0,0,2007-01-10T05:00:00+00:00,PT60M
7,36,10,19,2007-01-10T06:00:00+00:00,PT60M
62,224,103,169,2007-01-10T07:00:00+00:00,PT60M
71,642,258,462,2007-01-10T08:00:00+00:00,PT60M
80,752,372,627,2007-01-10T09:00:00+00:00,PT60M
81,811,439,723,2007-01-10T10:00:00+00:00,PT60M
80,819,449,736,2007-01-10T11:00:00+00:00,PT60M
78,788,401,670,2007-01-10T12:00:00+00:00,PT60M
73,696,300,525,2007-01-10T13:00:00+00:00,PT60M
58,478,161,303,2007-01-10T14:00:00+00:00,PT60M
23,11,24,26,2007-01-10T15:00:00+00:00,PT60M
0,0,0,0,2007-01-10T16:00:00+00:00,PT60M
0,0,0,0,2007-01-10T17:00:00+00:00,PT60M
0,0,0,0,2007-01-10T18:00:00+00:00,PT60M
0,0,0,0,2007-01-10T19:00:00+00:00,PT60M
0,0,0,0,2007-01-10T20:00:00+00:00,PT60M
0,0,0,0,2007-01-10T21:00:00+00:00,PT60M
0,0,0,0,2007-01-10T22:00:00+00:00,PT60M
0,0,0,0,2007-01-10T23:00:00+00:00,PT60M
0,0,0,0,2007-01-11T00:00:00+00:00,PT60M
0,0,0,0,2007-01-11T01:00:00+00:00,PT60M
0,0,0,0,2007-01-11T02:00:00+00:00,PT60M
0,0,0,0,2007-01-11T03:00:00+00:00,PT60M
0,0,0,0,2007-01-11T04:00:00+00:00,PT60M
0,0,0,0,2007-01-11T05:00:00+00:00,PT60M
7,12,9,11,2007-01-11T06:00:00+00:00,PT60M
59,0,59,57,2007-01-11T07:00:00+00:00,PT60M
140,0,140,135,2007-01-11T08:00:00+00:00,PT60M
183,286,298,405,2007-01-11T09:00:00+00:00,PT60M
82,824,448,736,2007-01-11T10:00:00+00:00,PT60M
78,847,461,756,2007-01-11T11:00:00+00:00,PT60M
74,820,413,691,2007-01-11T12:00:00+00:00,PT60M
92,604,295,496,2007-01-11T13:00:00+00:00,PT60M
93,214,141,210,2007-01-11T14:00:00+00:00,PT60M
25,38,28,38,2007-01-11T15:00:00+00:00,PT60M
0,0,0,0,2007-01-11T16:00:00+00:00,PT60M
0,0,0,0,2007-01-11T17:00:00+00:00,PT60M
0,0,0,0,2007-01-11T18:00:00+00:00,PT60M
0,0,0,0,2007-01-11T19:00:00+00:00,PT60M
0,0,0,0,2007-01-11T20:00:00+00:00,PT60M
0,0,0,0,2007-01-11T21:00:00+00:00,PT60M
0,0,0,0,2007-01-11T22:00:00+00:00,PT60M
0,0,0,0,2007-01-11T23:00:00+00:00,PT60M
0,0,0,0,2007-01-12T00:00:00+00:00,PT60M
0,0,0,0,2007-01-12T01:00:00+00:00,PT60M
0,0,0,0,2007-01-12T02:00:00+00:00,PT60M
0,0,0,0,2007-01-12T03:00:00+00:00,PT60M
0,0,0,0,2007-01-12T04:00:00+00:00,PT60M
0,0,0,0,2007-01-12T05:00:00+00:00,PT60M
7,0,7,7,2007-01-12T06:00:00+00:00,PT60M
50,355,116,217,2007-01-12T07:00:00+00:00,PT60M
62,694,266,480,2007-01-12T08:00:00+00:00,PT60M
75,771,378,635,2007-01-12T09:00:00+00:00,PT60M
77,824,445,731,2007-01-12T10:00:00+00:00,PT60M
130,642,422,658,2007-01-12T11:00:00+00:00,PT60M
95,728,397,650,2007-01-12T12:00:00+00:00,PT60M
104,212,181,252,2007-01-12T13:00:00+00:00,PT60M
49,0,49,47,2007-01-12T14:00:00+00:00,PT60M
23,4,23,23,2007-01-12T15:00:00+00:00,PT60M
0,0,0,0,2007-01-12T16:00:00+00:00,PT60M
0,0,0,0,2007-01-12T17:00:00+00:00,PT60M
0,0,0,0,2007-01-12T18:00:00+00:00,PT60M
0,0,0,0,2007-01-12T19:00:00+00:00,PT60M
0,0,0,0,2007-01-12T20:00:00+00:00,PT60M
0,0,0,0,2007-01-12T21:00:00+00:00,PT60M
0,0,0,0,2007-01-12T22:00:00+00:00,PT60M
0,0,0,0,2007-01-12T23:00:00+00:00,PT60M
0,0,0,0,2007-01-13T00:00:00+00:00,PT60M
0,0,0,0,2007-01-13T01:00:00+00:00,PT60M
0,0,0,0,2007-01-13T02:00:00+00:00,PT60M
0,0,0,0,2007-01-13T03:00:00+00:00,PT60M
0,0,0,0,2007-01-13T04:00:00+00:00,PT60M
0,0,0,0,2007-01-13T05:00:00+00:00,PT60M
5,1,5,6,2007-01-13T06:00:00+00:00,PT60M
18,0,18,17,2007-01-13T07:00:00+00:00,PT60M
51,0,51,49,2007-01-13T08:00:00+00:00,PT60M
87,0,87,84,2007-01-13T09:00:00+00:00,PT60M
115,0,115,111,2007-01-13T10:00:00+00:00,PT60M
95,0,95,92,2007-01-13T11:00:00+00:00,PT60M
86,0,86,83,2007-01-13T12:00:00+00:00,PT60M
64,0,64,61,2007-01-13T13:00:00+00:00,PT60M
75,0,75,73,2007-01-13T14:00:00+00:00,PT60M
26,5,26,27,2007-01-13T15:00:00+00:00,PT60M
0,0,0,0,2007-01-13T16:00:00+00:00,PT60M
0,0,0,0,2007-01-13T17:00:00+00:00,PT60M
0,0,0,0,2007-01-13T18:00:00+00:00,PT60M
0,0,0,0,2007-01-13T19:00:00+00:00,PT60M
0,0,0,0,2007-01-13T20:00:00+00:00,PT60M
0,0,0,0,2007-01-13T21:00:00+00:00,PT60M
0,0,0,0,2007-01-13T22:00:00+00:00,PT60M
0,0,0,0,2007-01-13T23:00:00+00:00,PT60M
0,0,0,0,2007-01-14T00:00:00+00:00,PT60M
0,0,0,0,2007-01-14T01:00:00+00:00,PT60M
0,0,0,0,2007-01-14T02:00:00+00:00,PT60M
0,0,0,0,2007-01-14T03:00:00+00:00,PT60M
0,0,0,0,2007-01-14T04:00:00+00:00,PT60M
0,0,0,0,2007-01-14T05:00:00+00:00,PT60M
7,15,9,12,2007-01-14T06:00:00+00:00,PT60M
40,0,40,39,2007-01-14T07:00:00+00:00,PT60M
128,0,128,123,2007-01-14T08:00:00+00:00,PT60M
146,440,326,481,2007-01-14T09:00:00+00:00,PT60M
79,829,453,739,2007-01-14T10:00:00+00:00,PT60M
79,836,464,754,2007-01-14T11:00:00+00:00,PT60M
74,819,419,694,2007-01-14T12:00:00+00:00,PT60M
68,743,319,555,2007-01-14T13:00:00+00:00,PT60M
51,604,183,356,2007-01-14T14:00:00+00:00,PT60M
19,207,41,95,2007-01-14T15:00:00+00:00,PT60M
0,0,0,0,2007-01-14T16:00:00+00:00,PT60M
0,0,0,0,2007-01-14T17:00:00+00:00,PT60M
0,0,0,0,2007-01-14T18:00:00+00:00,PT60M
0,0,0,0,2007-01-14T19:00:00+00:00,PT60M
0,0,0,0,2007-01-14T20:00:00+00:00,PT60M
0,0,0,0,2007-01-14T21:00:00+00:00,PT60M
0,0,0,0,2007-01-14T22:00:00+00:00,PT60M
0,0,0,0,2007-01-14T23:00:00+00:00,PT60M
0,0,0,0,2007-01-15T00:00:00+00:00,PT60M
0,0,0,0,2007-01-15T01:00:00+00:00,PT60M
0,0,0,0,2007-01-15T02:00:00+00:00,PT60M
0,0,0,0,2007-01-15T03:00:00+00:00,PT60M
0,0,0,0,2007-01-15T04:00:00+00:00,PT60M
0,0,0,0,2007-01-15T05:00:00+00:00,PT60M
8,15,10,13,2007-01-15T06:00:00+00:00,PT60M
63,0,63,61,2007-01-15T07:00:00+00:00,PT60M
118,343,225,339,2007-01-15T08:00:00+00:00,PT60M
175,349,312,441,2007-01-15T09:00:00+00:00,PT60M
230,235,336,426,2007-01-15T10:00:00+00:00,PT60M
237,214,336,418,2007-01-15T11:00:00+00:00,PT60M
174,0,174,168,2007-01-15T12:00:00+00:00,PT60M
161,0,161,156,2007-01-15T13:00:00+00:00,PT60M
100,0,100,96,2007-01-15T14:00:00+00:00,PT60M
24,8,25,26,2007-01-15T15:00:00+00:00,PT60M
0,0,0,0,2007-01-15T16:00:00+00:00,PT60M
0,0,0,0,2007-01-15T17:00:00+00:00,PT60M
0,0,0,0,2007-01-15T18:00:00+00:00,PT60M
0,0,0,0,2007-01-15T19:00:00+00:00,PT60M
0,0,0,0,2007-01-15T20:00:00+00:00,PT60M
0,0,0,0,2007-01-15T21:00:00+00:00,PT60M
0,0,0,0,2007-01-15T22:00:00+00:00,PT60M
0,0,0,0,2007-01-15T23:00:00+00:00,PT60M
0,0,0,0,2007-01-16T00:00:00+00:00,PT60M
0,0,0,0,2007-01-16T01:00:00+00:00,PT60M
0,0,0,0,2007-01-16T02:00:00+00:00,PT60M
0,0,0,0,2007-01-16T03:00:00+00:00,PT60M
0,0,0,0,2007-01-16T04:00:00+00:00,PT60M
0,0,0,0,2007-01-16T05:00:00+00:00,PT60M
9,19,11,15,2007-01-16T06:00:00+00:00,PT60M
83,57,92,107,2007-01-16T07:00:00+00:00,PT60M
143,0,143,138,2007-01-16T08:00:00+00:00,PT60M
152,0,152,147,2007-01-16T09:00:00+00:00,PT60M
196,0,196,189,2007-01-16T10:00:00+00:00,PT60M
265,78,301,326,2007-01-16T11:00:00+00:00,PT60M
230,32,244,250,2007-01-16T12:00:00+00:00,PT60M
179,10,181,179,2007-01-16T13:00:00+00:00,PT60M
110,152,145,193,2007-01-16T14:00:00+00:00,PT60M
31,32,35,42,2007-01-16T15:00:00+00:00,PT60M
0,0,0,0,2007-01-16T16:00:00+00:00,PT60M
0,0,0,0,2007-01-16T17:00:00+00:00,PT60M
0,0,0,0,2007-01-16T18:00:00+00:00,PT60M
0,0,0,0,2007-01-16T19:00:00+00:00,PT60M
0,0,0,0,2007-01-16T20:00:00+00:00,PT60M
0,0,0,0,2007-01-16T21:00:00+00:00,PT60M
0,0,0,0,2007-01-16T22:00:00+00:00,PT60M
0,0,0,0,2007-01-16T23:00:00+00:00,PT60M
0,0,0,0,2007-01-17T00:00:00+00:00,PT60M
0,0,0,0,2007-01-17T01:00:00+00:00,PT60M
0,0,0,0,2007-01-17T02:00:00+00:00,PT60M
0,0,0,0,2007-01-17T03:00:00+00:00,PT60M
0,0,0,0,2007-01-17T04:00:00+00:00,PT60M
0,0,0,0,2007-01-17T05:00:00+00:00,PT60M
8,11,9,11,2007-01-17T06:00:00+00:00,PT60M
64,167,100,148,2007-01-17T07:00:00+00:00,PT60M
77,674,282,492,2007-01-17T08:00:00+00:00,PT60M
87,787,404,667,2007-01-17T09:00:00+00:00,PT60M
144,645,438,673,2007-01-17T10:00:00+00:00,PT60M
174,547,430,638,2007-01-17T11:00:00+00:00,PT60M
101,761,430,693,2007-01-17T12:00:00+00:00,PT60M
86,710,334,563,2007-01-17T13:00:00+00:00,PT60M
69,508,190,340,2007-01-17T14:00:00+00:00,PT60M
29,154,44,84,2007-01-17T15:00:00+00:00,PT60M
0,0,0,0,2007-01-17T16:00:00+00:00,PT60M
0,0,0,0,2007-01-17T17:00:00+00:00,PT60M
0,0,0,0,2007-01-17T18:00:00+00:00,PT60M
0,0,0,0,2007-01-17T19:00:00+00:00,PT60M
0,0,0,0,2007-01-17T20:00:00+00:00,PT60M
0,0,0,0,2007-01-17T21:00:00+00:00,PT60M
0,0,0,0,2007-01-17T22:00:00+00:00,PT60M
0,0,0,0,2007-01-17T23:00:00+00:00,PT60M
0,0,0,0,2007-01-18T00:00:00+00:00,PT60M
0,0,0,0,2007-01-18T01:00:00+00:00,PT60M
0,0,0,0,2007-01-18T02:00:00+00:00,PT60M
0,0,0,0,2007-01-18T03:00:00+00:00,PT60M
0,0,0,0,2007-01-18T04:00:00+00:00,PT60M
0,0,0,0,2007-01-18T05:00:00+00:00,PT60M
5,0,5,5,2007-01-18T06:00:00+00:00,PT60M
61,0,61,59,2007-01-18T07:00:00+00:00,PT60M
115,368,237,353,2007-01-18T08:00:00+00:00,PT60M
172,409,333,476,2007-01-18T09:00:00+00:00,PT60M
173,506,408,595,2007-01-18T10:00:00+00:00,PT60M
97,804,476,758,2007-01-18T11:00:00+00:00,PT60M
94,774,429,693,2007-01-18T12:00:00+00:00,PT60M
92,656,324,537,2007-01-18T13:00:00+00:00,PT60M
65,534,189,345,2007-01-18T14:00:00+00:00,PT60M
30,95,42,67,2007-01-18T15:00:00+00:00,PT60M
0,0,0,0,2007-01-18T16:00:00+00:00,PT60M
0,0,0,0,2007-01-18T17:00:00+00:00,PT60M
0,0,0,0,2007-01-18T18:00:00+00:00,PT60M
0,0,0,0,2007-01-18T19:00:00+00:00,PT60M
0,0,0,0,2007-01-18T20:00:00+00:00,PT60M
0,0,0,0,2007-01-18T21:00:00+00:00,PT60M
0,0,0,0,2007-01-18T22:00:00+00:00,PT60M
0,0,0,0,2007-01-18T23:00:00+00:00,PT60M
0,0,0,0,2007-01-19T00:00:00+00:00,PT60M
0,0,0,0,2007-01-19T01:00:00+00:00,PT60M
0,0,0,0,2007-01-19T02:00:00+00:00,PT60M
0,0,0,0,2007-01-19T03:00:00+00:00,PT60M
0,0,0,0,2007-01-19T04:00:00+00:00,PT60M
0,0,0,0,2007-01-19T05:00:00+00:00,PT60M
7,13,9,12,2007-01-19T06:00:00+00:00,PT60M
56,0,56,54,2007-01-19T07:00:00+00:00,PT60M
161,101,194,226,2007-01-19T08:00:00+00:00,PT60M
233,43,250,259,2007-01-19T09:00:00+00:00,PT60M
258,151,328,383,2007-01-19T10:00:00+00:00,PT60M
157,0,157,151,2007-01-19T11:00:00+00:00,PT60M
130,0,130,125,2007-01-19T12:00:00+00:00,PT60M
94,0,94,91,2007-01-19T13:00:00+00:00,PT60M
65,0,65,63,2007-01-19T14:00:00+00:00,PT60M
33,17,34,38,2007-01-19T15:00:00+00:00,PT60M
0,0,0,0,2007-01-19T16:00:00+00:00,PT60M
0,0,0,0,2007-01-19T17:00:00+00:00,PT60M
0,0,0,0,2007-01-19T18:00:00+00:00,PT60M
0,0,0,0,2007-01-19T19:00:00+00:00,PT60M
0,0,0,0,2007-01-19T20:00:00+00:00,PT60M
0,0,0,0,2007-01-19T21:00:00+00:00,PT60M
0,0,0,0,2007-01-19T22:00:00+00:00,PT60M
0,0,0,0,2007-01-19T23:00:00+00:00,PT60M
0,0,0,0,2007-01-20T00:00:00+00:00,PT60M
0,0,0,0,2007-01-20T01:00:00+00:00,PT60M
0,0,0,0,2007-01-20T02:00:00+00:00,PT60M
0,0,0,0,2007-01-20T03:00:00+00:00,PT60M
0,0,0,0,2007-01-20T04:00:00+00:00,PT60M
0,0,0,0,2007-01-20T05:00:00+00:00,PT60M
8,81,15,34,2007-01-20T06:00:00+00:00,PT60M
82,158,105,146,2007-01-20T07:00:00+00:00,PT60M
87,571,269,446,2007-01-20T08:00:00+00:00,PT60M
88,751,394,639,2007-01-20T09:00:00+00:00,PT60M
200,404,389,544,2007-01-20T10:00:00+00:00,PT60M
195,54,221,237,2007-01-20T11:00:00+00:00,PT60M
85,0,85,82,2007-01-20T12:00:00+00:00,PT60M
33,0,33,32,2007-01-20T13:00:00+00:00,PT60M
36,0,36,35,2007-01-20T14:00:00+00:00,PT60M
21,4,22,22,2007-01-20T15:00:00+00:00,PT60M
0,0,0,0,2007-01-20T16:00:00+00:00,PT60M
0,0,0,0,2007-01-20T17:00:00+00:00,PT60M
0,0,0,0,2007-01-20T18:00:00+00:00,PT60M
0,0,0,0,2007-01-20T19:00:00+00:00,PT60M
0,0,0,0,2007-01-20T20:00:00+00:00,PT60M
0,0,0,0,2007-01-20T21:00:00+00:00,PT60M
0,0,0,0,2007-01-20T22:00:00+00:00,PT60M
0,0,0,0,2007-01-20T23:00:00+00:00,PT60M
0,0,0,0,2007-01-21T00:00:00+00:00,PT60M
0,0,0,0,2007-01-21T01:00:00+00:00,PT60M
0,0,0,0,2007-01-21T02:00:00+00:00,PT60M
0,0,0,0,2007-01-21T03:00:00+00:00,PT60M
0,0,0,0,2007-01-21T04:00:00+00:00,PT60M
0,0,0,0,2007-01-21T05:00:00+00:00,PT60M
7,98,16,38,2007-01-21T06:00:00+00:00,PT60M
50,454,133,256,2007-01-21T07:00:00+00:00,PT60M
52,768,292,515,2007-01-21T08:00:00+00:00,PT60M
60,848,410,677,2007-01-21T09:00:00+00:00,PT60M
64,886,480,772,2007-01-21T10:00:00+00:00,PT60M
65,893,494,791,2007-01-21T11:00:00+00:00,PT60M
65,863,448,728,2007-01-21T12:00:00+00:00,PT60M
60,803,350,594,2007-01-21T13:00:00+00:00,PT60M
61,559,201,359,2007-01-21T14:00:00+00:00,PT60M
29,229,55,111,2007-01-21T15:00:00+00:00,PT60M
0,0,0,0,2007-01-21T16:00:00+00:00,PT60M
0,0,0,0,2007-01-21T17:00:00+00:00,PT60M
0,0,0,0,2007-01-21T18:00:00+00:00,PT60M
0,0,0,0,2007-01-21T19:00:00+00:00,PT60M
0,0,0,0,2007-01-21T20:00:00+00:00,PT60M
0,0,0,0,2007-01-21T21:00:00+00:00,PT60M
0,0,0,0,2007-01-21T22:00:00+00:00,PT60M
0,0,0,0,2007-01-21T23:00:00+00:00,PT60M
0,0,0,0,2007-01-22T00:00:00+00:00,PT60M
0,0,0,0,2007-01-22T01:00:00+00:00,PT60M
0,0,0,0,2007-01-22T02:00:00+00:00,PT60M
0,0,0,0,2007-01-22T03:00:00+00:00,PT60M
0,0,0,0,2007-01-22T04:00:00+00:00,PT60M
0,0,0,0,2007-01-22T05:00:00+00:00,PT60M
9,79,16,34,2007-01-22T06:00:00+00:00,PT60M
46,522,140,279,2007-01-22T07:00:00+00:00,PT60M
66,714,290,502,2007-01-22T08:00:00+00:00,PT60M
76,802,409,667,2007-01-22T09:00:00+00:00,PT60M
80,841,478,761,2007-01-22T10:00:00+00:00,PT60M
82,846,491,778,2007-01-22T11:00:00+00:00,PT60M
82,812,445,714,2007-01-22T12:00:00+00:00,PT60M
76,740,346,577,2007-01-22T13:00:00+00:00,PT60M
72,497,199,342,2007-01-22T14:00:00+00:00,PT60M
36,136,52,86,2007-01-22T15:00:00+00:00,PT60M
0,0,0,0,2007-01-22T16:00:00+00:00,PT60M
0,0,0,0,2007-01-22T17:00:00+00:00,PT60M
0,0,0,0,2007-01-22T18:00:00+00:00,PT60M
0,0,0,0,2007-01-22T19:00:00+00:00,PT60M
0,0,0,0,2007-01-22T20:00:00+00:00,PT60M
0,0,0,0,2007-01-22T21:00:00+00:00,PT60M
0,0,0,0,2007-01-22T22:00:00+00:00,PT60M
0,0,0,0,2007-01-22T23:00:00+00:00,PT60M
0,0,0,0,2007-01-23T00:00:00+00:00,PT60M
0,0,0,0,2007-01-23T01:00:00+00:00,PT60M
0,0,0,0,2007-01-23T02:00:00+00:00,PT60M
0,0,0,0,2007-01-23T03:00:00+00:00,PT60M
0,0,0,0,2007-01-23T04:00:00+00:00,PT60M
0,0,0,0,2007-01-23T05:00:00+00:00,PT60M
10,0,10,9,2007-01-23T06:00:00+00:00,PT60M
87,55,99,114,2007-01-23T07:00:00+00:00,PT60M
120,427,260,397,2007-01-23T08:00:00+00:00,PT60M
100,729,405,646,2007-01-23T09:00:00+00:00,PT60M
105,778,475,743,2007-01-23T10:00:00+00:00,PT60M
225,351,397,531,2007-01-23T11:00:00+00:00,PT60M
110,725,437,683,2007-01-23T12:00:00+00:00,PT60M
175,276,277,372,2007-01-23T13:00:00+00:00,PT60M
118,70,136,154,2007-01-23T14:00:00+00:00,PT60M
38,46,46,57,2007-01-23T15:00:00+00:00,PT60M
0,0,0,0,2007-01-23T16:00:00+00:00,PT60M
0,0,0,0,2007-01-23T17:00:00+00:00,PT60M
0,0,0,0,2007-01-23T18:00:00+00:00,PT60M
0,0,0,0,2007-01-23T19:00:00+00:00,PT60M
0,0,0,0,2007-01-23T20:00:00+00:00,PT60M
0,0,0,0,2007-01-23T21:00:00+00:00,PT60M
0,0,0,0,2007-01-23T22:00:00+00:00,PT60M
0,0,0,0,2007-01-23T23:00:00+00:00,PT60M
0,0,0,0,2007-01-24T00:00:00+00:00,PT60M
0,0,0,0,2007-01-24T01:00:00+00:00,PT60M
0,0,0,0,2007-01-24T02:00:00+00:00,PT60M
0,0,0,0,2007-01-24T03:00:00+00:00,PT60M
0,0,0,0,2007-01-24T04:00:00+00:00,PT60M
0,0,0,0,2007-01-24T05:00:00+00:00,PT60M
11,3,12,12,2007-01-24T06:00:00+00:00,PT60M
67,0,67,64,2007-01-24T07:00:00+00:00,PT60M
151,7,153,150,2007-01-24T08:00:00+00:00,PT60M
160,0,160,154,2007-01-24T09:00:00+00:00,PT60M
204,0,204,197,2007-01-24T10:00:00+00:00,PT60M
280,19,290,289,2007-01-24T11:00:00+00:00,PT60M
189,0,189,182,2007-01-24T12:00:00+00:00,PT60M
191,39,204,212,2007-01-24T13:00:00+00:00,PT60M
124,78,145,168,2007-01-24T14:00:00+00:00,PT60M
32,2,32,31,2007-01-24T15:00:00+00:00,PT60M
0,0,0,0,2007-01-24T16:00:00+00:00,PT60M
0,0,0,0,2007-01-24T17:00:00+00:00,PT60M
0,0,0,0,2007-01-24T18:00:00+00:00,PT60M
0,0,0,0,2007-01-24T19:00:00+00:00,PT60M
0,0,0,0,2007-01-24T20:00:00+00:00,PT60M
0,0,0,0,2007-01-24T21:00:00+00:00,PT60M
0,0,0,0,2007-01-24T22:00:00+00:00,PT60M
0,0,0,0,2007-01-24T23:00:00+00:00,PT60M
0,0,0,0,2007-01-25T00:00:00+00:00,PT60M
0,0,0,0,2007-01-25T01:00:00+00:00,PT60M
0,0,0,0,2007-01-25T02:00:00+00:00,PT60M
0,0,0,0,2007-01-25T03:00:00+00:00,PT60M
0,0,0,0,2007-01-25T04:00:00+00:00,PT60M
0,0,0,0,2007-01-25T05:00:00+00:00,PT60M
6,0,6,5,2007-01-25T06:00:00+00:00,PT60M
61,95,83,110,2007-01-25T07:00:00+00:00,PT60M
139,333,242,346,2007-01-25T08:00:00+00:00,PT60M
174,0,174,168,2007-01-25T09:00:00+00:00,PT60M
215,0,215,207,2007-01-25T10:00:00+00:00,PT60M
192,0,192,185,2007-01-25T11:00:00+00:00,PT60M
142,0,142,137,2007-01-25T12:00:00+00:00,PT60M
192,130,237,275,2007-01-25T13:00:00+00:00,PT60M
120,6,122,120,2007-01-25T14:00:00+00:00,PT60M
39,18,41,45,2007-01-25T15:00:00+00:00,PT60M
0,0,0,0,2007-01-25T16:00:00+00:00,PT60M
0,0,0,0,2007-01-25T17:00:00+00:00,PT60M
0,0,0,0,2007-01-25T18:00:00+00:00,PT60M
0,0,0,0,2007-01-25T19:00:00+00:00,PT60M
0,0,0,0,2007-01-25T20:00:00+00:00,PT60M
0,0,0,0,2007-01-25T21:00:00+00:00,PT60M
0,0,0,0,2007-01-25T22:00:00+00:00,PT60M
0,0,0,0,2007-01-25T23:00:00+00:00,PT60M
0,0,0,0,2007-01-26T00:00:00+00:00,PT60M
0,0,0,0,2007-01-26T01:00:00+00:00,PT60M
0,0,0,0,2007-01-26T02:00:00+00:00,PT60M
0,0,0,0,2007-01-26T03:00:00+00:00,PT60M
0,0,0,0,2007-01-26T04:00:00+00:00,PT60M
0,0,0,0,2007-01-26T05:00:00+00:00,PT60M
6,0,6,5,2007-01-26T06:00:00+00:00,PT60M
55,1,55,54,2007-01-26T07:00:00+00:00,PT60M
153,26,160,164,2007-01-26T08:00:00+00:00,PT60M
217,205,305,374,2007-01-26T09:00:00+00:00,PT60M
276,24,288,289,2007-01-26T10:00:00+00:00,PT60M
289,120,348,390,2007-01-26T11:00:00+00:00,PT60M
232,5,234,228,2007-01-26T12:00:00+00:00,PT60M
159,0,159,154,2007-01-26T13:00:00+00:00,PT60M
71,0,71,68,2007-01-26T14:00:00+00:00,PT60M
21,0,21,20,2007-01-26T15:00:00+00:00,PT60M
0,0,0,0,2007-01-26T16:00:00+00:00,PT60M
0,0,0,0,2007-01-26T17:00:00+00:00,PT60M
0,0,0,0,2007-01-26T18:00:00+00:00,PT60M
0,0,0,0,2007-01-26T19:00:00+00:00,PT60M
0,0,0,0,2007-01-26T20:00:00+00:00,PT60M
0,0,0,0,2007-01-26T21:00:00+00:00,PT60M
0,0,0,0,2007-01-26T22:00:00+00:00,PT60M
0,0,0,0,2007-01-26T23:00:00+00:00,PT60M
0,0,0,0,2007-01-27T00:00:00+00:00,PT60M
0,0,0,0,2007-01-27T01:00:00+00:00,PT60M
0,0,0,0,2007-01-27T02:00:00+00:00,PT60M
0,0,0,0,2007-01-27T03:00:00+00:00,PT60M
0,0,0,0,2007-01-27T04:00:00+00:00,PT60M
0,0,0,0,2007-01-27T05:00:00+00:00,PT60M
4,0,4,4,2007-01-27T06:00:00+00:00,PT60M
27,0,27,26,2007-01-27T07:00:00+00:00,PT60M
35,0,35,34,2007-01-27T08:00:00+00:00,PT60M
53,0,53,51,2007-01-27T09:00:00+00:00,PT60M
49,0,49,47,2007-01-27T10:00:00+00:00,PT60M
48,0,48,47,2007-01-27T11:00:00+00:00,PT60M
42,0,42,40,2007-01-27T12:00:00+00:00,PT60M
37,0,37,36,2007-01-27T13:00:00+00:00,PT60M
27,0,27,26,2007-01-27T14:00:00+00:00,PT60M
12,0,12,12,2007-01-27T15:00:00+00:00,PT60M
0,0,0,0,2007-01-27T16:00:00+00:00,PT60M
0,0,0,0,2007-01-27T17:00:00+00:00,PT60M
0,0,0,0,2007-01-27T18:00:00+00:00,PT60M
0,0,0,0,2007-01-27T19:00:00+00:00,PT60M
0,0,0,0,2007-01-27T20:00:00+00:00,PT60M
0,0,0,0,2007-01-27T21:00:00+00:00,PT60M
0,0,0,0,2007-01-27T22:00:00+00:00,PT60M
0,0,0,0,2007-01-27T23:00:00+00:00,PT60M
0,0,0,0,2007-01-28T00:00:00+00:00,PT60M
0,0,0,0,2007-01-28T01:00:00+00:00,PT60M
0,0,0,0,2007-01-28T02:00:00+00:00,PT60M
0,0,0,0,2007-01-28T03:00:00+00:00,PT60M
0,0,0,0,2007-01-28T04:00:00+00:00,PT60M
0,0,0,0,2007-01-28T05:00:00+00:00,PT60M
5,0,5,5,2007-01-28T06:00:00+00:00,PT60M
47,0,47,46,2007-01-28T07:00:00+00:00,PT60M
176,1,177,171,2007-01-28T08:00:00+00:00,PT60M
252,20,260,259,2007-01-28T09:00:00+00:00,PT60M
281,5,283,276,2007-01-28T10:00:00+00:00,PT60M
231,0,231,223,2007-01-28T11:00:00+00:00,PT60M
234,0,234,226,2007-01-28T12:00:00+00:00,PT60M
227,51,246,257,2007-01-28T13:00:00+00:00,PT60M
132,17,138,139,2007-01-28T14:00:00+00:00,PT60M
53,27,56,61,2007-01-28T15:00:00+00:00,PT60M
1,0,1,1,2007-01-28T16:00:00+00:00,PT60M
0,0,0,0,2007-01-28T17:00:00+00:00,PT60M
0,0,0,0,2007-01-28T18:00:00+00:00,PT60M
0,0,0,0,2007-01-28T19:00:00+00:00,PT60M
0,0,0,0,2007-01-28T20:00:00+00:00,PT60M
0,0,0,0,2007-01-28T21:00:00+00:00,PT60M
0,0,0,0,2007-01-28T22:00:00+00:00,PT60M
0,0,0,0,2007-01-28T23:00:00+00:00,PT60M
0,0,0,0,2007-01-29T00:00:00+00:00,PT60M
0,0,0,0,2007-01-29T01:00:00+00:00,PT60M
0,0,0,0,2007-01-29T02:00:00+00:00,PT60M
0,0,0,0,2007-01-29T03:00:00+00:00,PT60M
0,0,0,0,2007-01-29T04:00:00+00:00,PT60M
0,0,0,0,2007-01-29T05:00:00+00:00,PT60M
16,18,18,21,2007-01-29T06:00:00+00:00,PT60M
79,279,138,214,2007-01-29T07:00:00+00:00,PT60M
113,505,283,431,2007-01-29T08:00:00+00:00,PT60M
68,873,449,717,2007-01-29T09:00:00+00:00,PT60M
239,310,392,500,2007-01-29T10:00:00+00:00,PT60M
159,599,463,663,2007-01-29T11:00:00+00:00,PT60M
77,869,489,766,2007-01-29T12:00:00+00:00,PT60M
116,579,351,528,2007-01-29T13:00:00+00:00,PT60M
126,200,186,244,2007-01-29T14:00:00+00:00,PT60M
53,23,57,62,2007-01-29T15:00:00+00:00,PT60M
1,1,1,1,2007-01-29T16:00:00+00:00,PT60M
0,0,0,0,2007-01-29T17:00:00+00:00,PT60M
0,0,0,0,2007-01-29T18:00:00+00:00,PT60M
0,0,0,0,2007-01-29T19:00:00+00:00,PT60M
0,0,0,0,2007-01-29T20:00:00+00:00,PT60M
0,0,0,0,2007-01-29T21:00:00+00:00,PT60M
0,0,0,0,2007-01-29T22:00:00+00:00,PT60M
0,0,0,0,2007-01-29T23:00:00+00:00,PT60M
0,0,0,0,2007-01-30T00:00:00+00:00,PT60M
0,0,0,0,2007-01-30T01:00:00+00:00,PT60M
0,0,0,0,2007-01-30T02:00:00+00:00,PT60M
0,0,0,0,2007-01-30T03:00:00+00:00,PT60M
0,0,0,0,2007-01-30T04:00:00+00:00,PT60M
0,0,0,0,2007-01-30T05:00:00+00:00,PT60M
4,0,4,4,2007-01-30T06:00:00+00:00,PT60M
46,0,46,45,2007-01-30T07:00:00+00:00,PT60M
153,2,154,150,2007-01-30T08:00:00+00:00,PT60M
191,0,191,184,2007-01-30T09:00:00+00:00,PT60M
232,0,232,223,2007-01-30T10:00:00+00:00,PT60M
256,2,257,249,2007-01-30T11:00:00+00:00,PT60M
223,34,240,246,2007-01-30T12:00:00+00:00,PT60M
166,331,294,401,2007-01-30T13:00:00+00:00,PT60M
135,128,175,212,2007-01-30T14:00:00+00:00,PT60M
42,26,44,48,2007-01-30T15:00:00+00:00,PT60M
1,3,1,2,2007-01-30T16:00:00+00:00,PT60M
0,0,0,0,2007-01-30T17:00:00+00:00,PT60M
0,0,0,0,2007-01-30T18:00:00+00:00,PT60M
0,0,0,0,2007-01-30T19:00:00+00:00,PT60M
0,0,0,0,2007-01-30T20:00:00+00:00,PT60M
0,0,0,0,2007-01-30T21:00:00+00:00,PT60M
0,0,0,0,2007-01-30T22:00:00+00:00,PT60M
0,0,0,0,2007-01-30T23:00:00+00:00,PT60M
0,0,0,0,2007-01-31T00:00:00+00:00,PT60M
0,0,0,0,2007-01-31T01:00:00+00:00,PT60M
0,0,0,0,2007-01-31T02:00:00+00:00,PT60M
0,0,0,0,2007-01-31T03:00:00+00:00,PT60M
0,0,0,0,2007-01-31T04:00:00+00:00,PT60M
0,0,0,0,2007-01-31T05:00:00+00:00,PT60M
7,0,7,7,2007-01-31T06:00:00+00:00,PT60M
43,0,43,42,2007-01-31T07:00:00+00:00,PT60M
118,0,118,114,2007-01-31T08:00:00+00:00,PT60M
187,0,187,180,2007-01-31T09:00:00+00:00,PT60M
237,0,237,229,2007-01-31T10:00:00+00:00,PT60M
238,0,238,230,2007-01-31T11:00:00+00:00,PT60M
230,0,230,222,2007-01-31T12:00:00+00:00,PT60M
168,0,168,162,2007-01-31T13:00:00+00:00,PT60M
106,0,106,103,2007-01-31T14:00:00+00:00,PT60M
56,10,57,57,2007-01-31T15:00:00+00:00,PT60M
1,0,1,1,2007-01-31T16:00:00+00:00,PT60M
0,0,0,0,2007-01-31T17:00:00+00:00,PT60M
0,0,0,0,2007-01-31T18:00:00+00:00,PT60M
0,0,0,0,2007-01-31T19:00:00+00:00,PT60M
0,0,0,0,2007-01-31T20:00:00+00:00,PT60M
0,0,0,0,2007-01-31T21:00:00+00:00,PT60M
0,0,0,0,2007-01-31T22:00:00+00:00,PT60M
0,0,0,0,2007-01-31T23:00:00+00:00,PT60M
0,0,0,0,2007-02-01T00:00:00+00:00,PT60M
0,0,0,0,2007-02-01T01:00:00+00:00,PT60M
0,0,0,0,2007-02-01T02:00:00+00:00,PT60M
0,0,0,0,2007-02-01T03:00:00+00:00,PT60M
0,0,0,0,2007-02-01T04:00:00+00:00,PT60M
0,0,0,0,2007-02-01T05:00:00+00:00,PT60M
13,160,28,61,2007-02-01T06:00:00+00:00,PT60M
45,632,176,329,2007-02-01T07:00:00+00:00,PT60M
70,759,331,544,2007-02-01T08:00:00+00:00,PT60M
77,849,458,718,2007-02-01T09:00:00+00:00,PT60M
79,893,533,819,2007-02-01T10:00:00+00:00,PT60M
83,887,546,834,2007-02-01T11:00:00+00:00,PT60M
87,844,498,766,2007-02-01T12:00:00+00:00,PT60M
150,161,221,270,2007-02-01T13:00:00+00:00,PT60M
138,3,139,135,2007-02-01T14:00:00+00:00,PT60M
56,1,56,55,2007-02-01T15:00:00+00:00,PT60M
1,0,1,1,2007-02-01T16:00:00+00:00,PT60M
0,0,0,0,2007-02-01T17:00:00+00:00,PT60M
0,0,0,0,2007-02-01T18:00:00+00:00,PT60M
0,0,0,0,2007-02-01T19:00:00+00:00,PT60M
0,0,0,0,2007-02-01T20:00:00+00:00,PT60M
0,0,0,0,2007-02-01T21:00:00+00:00,PT60M
0,0,0,0,2007-02-01T22:00:00+00:00,PT60M
0,0,0,0,2007-02-01T23:00:00+00:00,PT60M
0,0,0,0,2007-02-02T00:00:00+00:00,PT60M
